,Government Composition and Parties in Government,,,,,,,,,,,,,,,,,,,,,,,,,,,,,,,,,,,,,,,,,,,,,,,,,,,
,Austria,,,,,,,,,,,,,,,,,,,,,,,,,,,,,,,,,,,,,,,,,,,,,,,,,,,
,,,,,,,,,,,,,,,,,,,,,,,,,,,,,,,,,,,,,,,,,,,,,,,,,,,,
Year,Investiture Date,Prime Minister,,Days in Year,Termination (prev. Gov.),"Number of Cabinet Posts-Right
","Number of Cabinet Posts-Right
","Number of Cabinet Posts-Right
","Number of Cabinet Posts-Right
",% of Posts in Government,% of Posts in Government,% of Posts in Government,% of Posts in Government,% of Seats in Parliament,% of Seats in Parliament,% of Seats in Parliament,% of Seats in Parliament,Government Type,Parliament. Election,Investiture Date,Governing Party 1,Governing Party 1,Governing Party 1,Governing Party 1,Governing Party 2,Governing Party 2,Governing Party 2,Governing Party 2,Governing Party 3,Governing Party 3,Governing Party 3,Governing Party 3,Governing Party 4,Governing Party 4,Governing Party 4,Governing Party 4,Governing Party 5,Governing Party 5,Governing Party 5,Governing Party 5,Governing Party 6,Governing Party 6,Governing Party 6,Governing Party 6,Governing Party 7,Governing Party 7,Governing Party 7,Governing Party 7,Governing Party 8,Governing Party 8,Governing Party 8,Governing Party 8
,,,,,,Right,Centre,Left,Total,Right,Centre,Left,Total,Right,Centre,Left,Total,,,,Name,Family,Ideology,% Seats,Name,Family,Ideology,% Seats,Name,Family,Ideology,% Seats,Name,Family,Ideology,% Seats,Name,Family,Ideology,% Seats,Name,Family,Ideology,% Seats,Name,Family,Ideology,% Seats,Name,Family,Ideology,% Seats
1959,,Raab II (ÖVP),,196,,,7,5,12,0.0,58.3,41.7,100.0,,49.7,44.8,94.5,2,,,ÖVP,relig1,center,49.7,SPÖ,social1,left,44.8,,,,,,,,,,,,,,,,,,,,,,,,
1959,7/16/1959,Raab III (ÖVP),,169,1,,6,6,12,0.0,50.0,50.0,100.0,,47.9,47.3,95.2,2,5/10/1959,7/16/1959,ÖVP,relig1,center,47.9,SPÖ,social1,left,47.3,,,,,,,,,,,,,,,,,,,,,,,,
1960,,Raab III (ÖVP),,308,,,6,6,12,0.0,50.0,50.0,100.0,,47.9,47.3,95.2,2,,,ÖVP,relig1,center,47.9,SPÖ,social1,left,47.3,,,,,,,,,,,,,,,,,,,,,,,,
1960,11/4/1960,Raab III (ÖVP),,58,0,,6,6,12,0.0,50.0,50.0,100.0,,47.9,47.3,95.2,2,,,ÖVP,relig1,center,47.9,SPÖ,social1,left,47.3,,,,,,,,,,,,,,,,,,,,,,,,
1961,,Raab III (ÖVP),,101,,,6,6,12,0.0,50.0,50.0,100.0,,47.9,47.3,95.2,2,,,ÖVP,relig1,center,47.9,SPÖ,social1,left,47.3,,,,,,,,,,,,,,,,,,,,,,,,
1961,4/12/1961,Gorbach I (ÖVP),,264,3,,6,6,12,0.0,50.0,50.0,100.0,,47.9,47.3,95.2,2,,4/12/1961,ÖVP,relig1,center,47.9,SPÖ,social1,left,47.3,,,,,,,,,,,,,,,,,,,,,,,,
1962,,Gorbach I (ÖVP),,0,,,6,6,12,0.0,50.0,50.0,100.0,,47.9,47.3,95.2,2,,,ÖVP,relig1,center,47.9,SPÖ,social1,left,47.3,,,,,,,,,,,,,,,,,,,,,,,,
1962,,Gorbach I (ÖVP),,365,,,6,6,12,0.0,50.0,50.0,100.0,,47.9,47.3,95.2,2,11/18/1962,,ÖVP,relig1,center,47.9,SPÖ,social1,left,47.3,,,,,,,,,,,,,,,,,,,,,,,,
1963,,Gorbach I (ÖVP),,82,,,6,6,12,0.0,50.0,50.0,100.0,,47.9,47.3,95.2,2,,,ÖVP,relig1,center,47.9,SPÖ,social1,left,47.3,,,,,,,,,,,,,,,,,,,,,,,,
1963,3/24/1963,Gorbach II (ÖVP),,283,1,,6,6,12,0.0,50.0,50.0,100.0,,49.1,46.1,95.2,2,,3/24/1963,ÖVP,relig1,center,49.1,SPÖ,social1,left,46.1,,,,,,,,,,,,,,,,,,,,,,,,
1964,,Gorbach II (ÖVP),,93,,,6,6,12,0.0,50.0,50.0,100.0,,49.1,46.1,95.2,2,,,ÖVP,relig1,center,49.1,SPÖ,social1,left,46.1,,,,,,,,,,,,,,,,,,,,,,,,
1964,4/3/1964,Klaus I (ÖVP),,273,2,,6,6,12,0.0,50.0,50.0,100.0,,49.1,46.1,95.2,2,,4/3/1964,ÖVP,relig1,center,49.1,SPÖ,social1,left,46.1,,,,,,,,,,,,,,,,,,,,,,,,
1965,,Klaus I (ÖVP),,295,,,6,6,12,0.0,50.0,50.0,100.0,,49.1,46.1,95.2,2,,,ÖVP,relig1,center,49.1,SPÖ,social1,left,46.1,,,,,,,,,,,,,,,,,,,,,,,,
1965,10/23/1965,Klaus I (ÖVP),,70,0,,6,6,12,0.0,50.0,50.0,100.0,,49.1,46.1,95.2,2,,,ÖVP,relig1,center,49.1,SPÖ,social1,left,46.1,,,,,,,,,,,,,,,,,,,,,,,,
1966,,Klaus I (ÖVP),,108,,,6,6,12,0.0,50.0,50.0,100.0,,49.1,46.1,95.2,2,,,ÖVP,relig1,center,49.1,SPÖ,social1,left,46.1,,,,,,,,,,,,,,,,,,,,,,,,
1966,4/19/1966,Klaus II (ÖVP),,257,1,,13,,13,0.0,100.0,0.0,100.0,,51.5,,51.5,1,3/6/1966,4/19/1966,ÖVP,relig1,center,51.5,,,,,,,,,,,,,,,,,,,,,,,,,,,,
1967,,Klaus II (ÖVP),,0,,,13,,13,0.0,100.0,0.0,100.0,,51.5,,51.5,1,,,ÖVP,relig1,center,51.5,,,,,,,,,,,,,,,,,,,,,,,,,,,,
1967,,Klaus II (ÖVP),,365,,,13,,13,0.0,100.0,0.0,100.0,,51.5,,51.5,1,,,ÖVP,relig1,center,51.5,,,,,,,,,,,,,,,,,,,,,,,,,,,,
1968,,Klaus II (ÖVP),,0,,,13,,13,0.0,100.0,0.0,100.0,,51.5,,51.5,1,,,ÖVP,relig1,center,51.5,,,,,,,,,,,,,,,,,,,,,,,,,,,,
1968,,Klaus II (ÖVP),,366,,,13,,13,0.0,100.0,0.0,100.0,,51.5,,51.5,1,,,ÖVP,relig1,center,51.5,,,,,,,,,,,,,,,,,,,,,,,,,,,,
1969,,Klaus II (ÖVP),,0,,,13,,13,0.0,100.0,0.0,100.0,,51.5,,51.5,1,,,ÖVP,relig1,center,51.5,,,,,,,,,,,,,,,,,,,,,,,,,,,,
1969,,Klaus II (ÖVP),,365,,,13,,13,0.0,100.0,0.0,100.0,,51.5,,51.5,1,,,ÖVP,relig1,center,51.5,,,,,,,,,,,,,,,,,,,,,,,,,,,,
1970,,Klaus II (ÖVP),,111,,,13,,13,0.0,100.0,0.0,100.0,,51.5,,51.5,1,,,ÖVP,relig1,center,51.5,,,,,,,,,,,,,,,,,,,,,,,,,,,,
1970,4/22/1970,Kreisky I (SPÖ),,254,1,,,12,13,0.0,0.0,92.3,92.3,,,49.1,49.1,4,3/1/1970,4/22/1970,SPÖ,social1,left,49.1,,,,,,,,,,,,,,,,,,,,,,,,,,,,
1971,,Kreisky I (SPÖ),,294,,,,12,13,0.0,0.0,92.3,92.3,,,49.1,49.1,4,,,SPÖ,social1,left,49.1,,,,,,,,,,,,,,,,,,,,,,,,,,,,
1971,10/22/1971,Kreisky II (SPÖ),,71,1,,,12,14,0.0,0.0,85.7,85.7,,,50.8,50.8,1,10/10/1971,10/22/1971,SPÖ,social1,left,50.8,,,,,,,,,,,,,,,,,,,,,,,,,,,,
1972,,Kreisky II (SPÖ),,0,,,,12,14,0.0,0.0,85.7,85.7,,,50.8,50.8,1,,,SPÖ,social1,left,50.8,,,,,,,,,,,,,,,,,,,,,,,,,,,,
1972,,Kreisky II (SPÖ),,366,,,,12,14,0.0,0.0,85.7,85.7,,,50.8,50.8,1,,,SPÖ,social1,left,50.8,,,,,,,,,,,,,,,,,,,,,,,,,,,,
1973,,Kreisky II (SPÖ),,0,,,,12,14,0.0,0.0,85.7,85.7,,,50.8,50.8,1,,,SPÖ,social1,left,50.8,,,,,,,,,,,,,,,,,,,,,,,,,,,,
1973,,Kreisky II (SPÖ),,365,,,,12,14,0.0,0.0,85.7,85.7,,,50.8,50.8,1,,,SPÖ,social1,left,50.8,,,,,,,,,,,,,,,,,,,,,,,,,,,,
1974,,Kreisky II (SPÖ),,0,,,,12,14,0.0,0.0,85.7,85.7,,,50.8,50.8,1,,,SPÖ,social1,left,50.8,,,,,,,,,,,,,,,,,,,,,,,,,,,,
1974,,Kreisky II (SPÖ),,365,,,,12,14,0.0,0.0,85.7,85.7,,,50.8,50.8,1,,,SPÖ,social1,left,50.8,,,,,,,,,,,,,,,,,,,,,,,,,,,,
1975,,Kreisky II (SPÖ),,301,,,,12,14,0.0,0.0,85.7,85.7,,,50.8,50.8,1,,,SPÖ,social1,left,50.8,,,,,,,,,,,,,,,,,,,,,,,,,,,,
1975,10/29/1975,Kreisky III (SPÖ),,64,1,,,12,14,0.0,0.0,85.7,85.7,,,50.8,50.8,1,10/5/1975,10/29/1975,SPÖ,social1,left,50.8,,,,,,,,,,,,,,,,,,,,,,,,,,,,
1976,,Kreisky III (SPÖ),,0,,,,12,14,0.0,0.0,85.7,85.7,,,50.8,50.8,1,,,SPÖ,social1,left,50.8,,,,,,,,,,,,,,,,,,,,,,,,,,,,
1976,,Kreisky III (SPÖ),,366,,,,12,14,0.0,0.0,85.7,85.7,,,50.8,50.8,1,,,SPÖ,social1,left,50.8,,,,,,,,,,,,,,,,,,,,,,,,,,,,
1977,,Kreisky III (SPÖ),,0,,,,12,14,0.0,0.0,85.7,85.7,,,50.8,50.8,1,,,SPÖ,social1,left,50.8,,,,,,,,,,,,,,,,,,,,,,,,,,,,
1977,,Kreisky III (SPÖ),,365,,,,12,14,0.0,0.0,85.7,85.7,,,50.8,50.8,1,,,SPÖ,social1,left,50.8,,,,,,,,,,,,,,,,,,,,,,,,,,,,
1978,,Kreisky III (SPÖ),,0,,,,12,14,0.0,0.0,85.7,85.7,,,50.8,50.8,1,,,SPÖ,social1,left,50.8,,,,,,,,,,,,,,,,,,,,,,,,,,,,
1978,,Kreisky III (SPÖ),,365,,,,12,14,0.0,0.0,85.7,85.7,,,50.8,50.8,1,,,SPÖ,social1,left,50.8,,,,,,,,,,,,,,,,,,,,,,,,,,,,
1979,,Kreisky III (SPÖ),,129,,,,12,14,0.0,0.0,85.7,85.7,,,50.8,50.8,1,,,SPÖ,social1,left,50.8,,,,,,,,,,,,,,,,,,,,,,,,,,,,
1979,5/10/1979,Kreisky IV (SPÖ),,236,1,,,15,15,0.0,0.0,100.0,100.0,,,51.9,51.9,1,10/6/1979,5/10/1979,SPÖ,social1,left,51.9,,,,,,,,,,,,,,,,,,,,,,,,,,,,
1980,,Kreisky IV (SPÖ),,0,,,,15,15,0.0,0.0,100.0,100.0,,,51.9,51.9,1,,,SPÖ,social1,left,51.9,,,,,,,,,,,,,,,,,,,,,,,,,,,,
1980,,Kreisky IV (SPÖ),,366,,,,15,15,0.0,0.0,100.0,100.0,,,51.9,51.9,1,,,SPÖ,social1,left,51.9,,,,,,,,,,,,,,,,,,,,,,,,,,,,
1981,,Kreisky IV (SPÖ),,0,,,,15,15,0.0,0.0,100.0,100.0,,,51.9,51.9,1,,,SPÖ,social1,left,51.9,,,,,,,,,,,,,,,,,,,,,,,,,,,,
1981,,Kreisky IV (SPÖ),,365,,,,15,15,0.0,0.0,100.0,100.0,,,51.9,51.9,1,,,SPÖ,social1,left,51.9,,,,,,,,,,,,,,,,,,,,,,,,,,,,
1982,,Kreisky IV (SPÖ),,0,,,,15,15,0.0,0.0,100.0,100.0,,,51.9,51.9,1,,,SPÖ,social1,left,51.9,,,,,,,,,,,,,,,,,,,,,,,,,,,,
1982,,Kreisky IV (SPÖ),,365,,,,15,15,0.0,0.0,100.0,100.0,,,51.9,51.9,1,,,SPÖ,social1,left,51.9,,,,,,,,,,,,,,,,,,,,,,,,,,,,
1983,,Kreisky IV (SPÖ),,143,,,,15,15,0.0,0.0,100.0,100.0,,,51.9,51.9,1,,,SPÖ,social1,left,51.9,,,,,,,,,,,,,,,,,,,,,,,,,,,,
1983,5/24/1983,Sinowatz I (SPÖ),,222,1,3,,12,15,20.0,0.0,80.0,100.0,6.6,,49.2,55.8,2,4/24/1983,5/24/1983,SPÖ,social1,left,49.2,FPÖ,liberal1,right,6.6,,,,,,,,,,,,,,,,,,,,,,,,
1984,,Sinowatz I (SPÖ),,0,,3,,12,15,20.0,0.0,80.0,100.0,6.6,,49.2,55.8,2,,,SPÖ,social1,left,49.2,FPÖ,liberal1,right,6.6,,,,,,,,,,,,,,,,,,,,,,,,
1984,,Sinowatz I (SPÖ),,366,,3,,12,15,20.0,0.0,80.0,100.0,6.6,,49.2,55.8,2,,,SPÖ,social1,left,49.2,FPÖ,liberal1,right,6.6,,,,,,,,,,,,,,,,,,,,,,,,
1985,,Sinowatz I (SPÖ),,0,,3,,12,15,20.0,0.0,80.0,100.0,6.6,,49.2,55.8,2,,,SPÖ,social1,left,49.2,FPÖ,liberal1,right,6.6,,,,,,,,,,,,,,,,,,,,,,,,
1985,,Sinowatz I (SPÖ),,365,,3,,12,15,20.0,0.0,80.0,100.0,6.6,,49.2,55.8,2,,,SPÖ,social1,left,49.2,FPÖ,liberal1,right,6.6,,,,,,,,,,,,,,,,,,,,,,,,
1986,,Sinowatz I (SPÖ),,166,,3,,12,15,20.0,0.0,80.0,100.0,6.6,,49.2,55.8,2,,,SPÖ,social1,left,49.2,FPÖ,liberal1,right,6.6,,,,,,,,,,,,,,,,,,,,,,,,
1986,6/16/1986,Vranitzky I (SPÖ),,199,2,3,,13,16,18.8,0.0,81.3,100.0,6.6,,49.2,55.8,2,,6/16/1986,SPÖ,social1,left,49.2,FPÖ,liberal1,right,6.6,,,,,,,,,,,,,,,,,,,,,,,,
1987,,Vranitzky I (SPÖ),,20,,3,,13,16,18.8,0.0,81.3,100.0,6.6,,49.2,55.8,2,11/23/1986,,SPÖ,social1,left,49.2,FPÖ,liberal1,right,6.6,,,,,,,,,,,,,,,,,,,,,,,,
1987,1/21/1987,Vranitzky II (SPÖ),,345,1,,7,7,15,0.0,46.7,46.7,93.3,,42.1,43.7,85.8,2,,1/21/1987,SPÖ,social1,left,43.7,ÖVP,relig1,center,42.1,,,,,,,,,,,,,,,,,,,,,,,,
1988,,Vranitzky II (SPÖ),,0,,,7,7,15,0.0,46.7,46.7,93.3,,42.1,43.7,85.8,2,,,SPÖ,social1,left,43.7,ÖVP,relig1,center,42.1,,,,,,,,,,,,,,,,,,,,,,,,
1988,,Vranitzky II (SPÖ),,366,,,7,7,15,0.0,46.7,46.7,93.3,,42.1,43.7,85.8,2,,,SPÖ,social1,left,43.7,ÖVP,relig1,center,42.1,,,,,,,,,,,,,,,,,,,,,,,,
1989,,Vranitzky II (SPÖ),,0,,,7,7,15,0.0,46.7,46.7,93.3,,42.1,43.7,85.8,2,,,SPÖ,social1,left,43.7,ÖVP,relig1,center,42.1,,,,,,,,,,,,,,,,,,,,,,,,
1989,,Vranitzky II (SPÖ),,365,,,7,7,15,0.0,46.7,46.7,93.3,,42.1,43.7,85.8,2,,,SPÖ,social1,left,43.7,ÖVP,relig1,center,42.1,,,,,,,,,,,,,,,,,,,,,,,,
1990,,Vranitzky II (SPÖ),,350,,,7,7,15,0.0,46.7,46.7,93.4,,42.1,43.7,85.8,2,,,SPÖ,social1,left,43.7,ÖVP,relig1,center,42.1,,,,,,,,,,,,,,,,,,,,,,,,
1990,12/17/1990,Vranitzky III (SPÖ),,15,1,,8,8,17,0.0,47.1,47.1,94.1,,32.8,43.7,76.5,2,10/7/1990,12/17/1990,SPÖ,social1,left,43.7,ÖVP,relig1,center,32.8,,,,,,,,,,,,,,,,,,,,,,,,
1991,,Vranitzky III (SPÖ),,0,,,8,8,17,0.0,47.1,47.1,94.1,,32.8,43.7,76.5,2,,,SPÖ,social1,left,43.7,ÖVP,relig1,center,32.8,,,,,,,,,,,,,,,,,,,,,,,,
1991,,Vranitzky III (SPÖ),,365,,,8,8,17,0.0,47.1,47.1,94.1,,32.8,43.7,76.5,2,,,SPÖ,social1,left,43.7,ÖVP,relig1,center,32.8,,,,,,,,,,,,,,,,,,,,,,,,
1992,,Vranitzky III (SPÖ),,0,,,7,8,16,0.0,43.8,50.0,93.8,,32.8,43.7,76.5,2,,,SPÖ,social1,left,43.7,ÖVP,relig1,center,32.8,,,,,,,,,,,,,,,,,,,,,,,,
1992,,Vranitzky III (SPÖ),,366,,,7,8,16,0.0,43.8,50.0,93.8,,32.8,43.7,76.5,2,,,SPÖ,social1,left,43.7,ÖVP,relig1,center,32.8,,,,,,,,,,,,,,,,,,,,,,,,
1993,,Vranitzky III (SPÖ),,0,,,7,8,16,0.0,43.8,50.0,93.8,,32.8,43.7,76.5,2,,,SPÖ,social1,left,43.7,ÖVP,relig1,center,32.8,,,,,,,,,,,,,,,,,,,,,,,,
1993,,Vranitzky III (SPÖ),,365,,,7,8,16,0.0,43.8,50.0,93.8,,32.8,43.7,76.5,2,,,SPÖ,social1,left,43.7,ÖVP,relig1,center,32.8,,,,,,,,,,,,,,,,,,,,,,,,
1994,,Vranitzky III (SPÖ),,332,,,7,8,16,0.0,43.8,50.0,93.8,,32.8,43.7,76.5,2,,,SPÖ,social1,left,43.7,ÖVP,relig1,center,32.8,,,,,,,,,,,,,,,,,,,,,,,,
1994,11/29/1994,Vranitzky IV (SPÖ),,33,1,,7,8,16,0.0,43.8,50.0,93.8,,28.4,35.5,63.9,2,10/9/1994,11/29/1994,SPÖ,social1,left,35.5,ÖVP,relig1,center,28.4,,,,,,,,,,,,,,,,,,,,,,,,
1995,,Vranitzky IV (SPÖ),,0,,,7,8,16,0.0,43.8,50.0,93.8,,28.4,35.5,63.9,2,,,SPÖ,social1,left,35.5,ÖVP,relig1,center,28.4,,,,,,,,,,,,,,,,,,,,,,,,
1995,,Vranitzky IV (SPÖ),,365,,,7,8,16,0.0,43.8,50.0,93.8,,28.4,35.5,63.9,2,12/17/1995,,SPÖ,social1,left,35.5,ÖVP,relig1,center,28.4,,,,,,,,,,,,,,,,,,,,,,,,
1996,,Vranitzky IV (SPÖ),,71,,,7,8,16,0.0,43.8,50.0,93.8,,28.4,35.5,63.9,2,,,SPÖ,social1,left,35.5,ÖVP,relig1,center,28.4,,,,,,,,,,,,,,,,,,,,,,,,
1996,3/12/1996,Vranitzky V (SPÖ),,295,1,,6,7,14,0.0,42.9,50.0,92.9,,28.4,38.8,67.2,2,,3/12/1996,SPÖ,social1,left,38.8,ÖVP,relig1,center,28.4,,,,,,,,,,,,,,,,,,,,,,,,
1997,,Vranitzky V (SPÖ),,27,,,6,7,14,0.0,42.9,50.0,92.9,,28.4,38.8,67.2,2,,,SPÖ,social1,left,38.8,ÖVP,relig1,center,28.4,,,,,,,,,,,,,,,,,,,,,,,,
1997,1/28/1997,Klima I (SPÖ),,338,2,,6,6,13,0.0,46.2,46.2,92.3,,28.4,38.8,67.2,2,,1/28/1997,SPÖ,social1,left,38.8,ÖVP,relig1,center,28.4,,,,,,,,,,,,,,,,,,,,,,,,
1998,,Klima I (SPÖ),,0,,,6,6,13,0.0,46.2,46.2,92.3,,28.4,38.8,67.2,2,,,SPÖ,social1,left,38.8,ÖVP,relig1,center,28.4,,,,,,,,,,,,,,,,,,,,,,,,
1998,,Klima I (SPÖ),,365,,,6,6,13,0.0,46.2,46.2,92.3,,28.4,38.8,67.2,2,,,SPÖ,social1,left,38.8,ÖVP,relig1,center,28.4,,,,,,,,,,,,,,,,,,,,,,,,
1999,,Klima I (SPÖ),,0,,,6,6,13,0.0,46.2,46.2,92.3,,28.4,38.8,67.2,2,,,SPÖ,social1,left,38.8,ÖVP,relig1,center,28.4,,,,,,,,,,,,,,,,,,,,,,,,
1999,,Klima I (SPÖ),,365,,,6,6,13,0.0,46.2,46.2,92.3,,28.4,38.8,67.2,2,10/3/1999,,SPÖ,social1,left,38.8,ÖVP,relig1,center,28.4,,,,,,,,,,,,,,,,,,,,,,,,
2000,,Klima I (SPÖ),,34,,,6,6,13,0.0,46.2,46.2,92.3,,28.4,38.8,67.2,2,,,SPÖ,social1,left,38.8,ÖVP,relig1,center,28.4,,,,,,,,,,,,,,,,,,,,,,,,
2000,2/4/2000,Schüssel I (ÖVP),,332,1,6,6,,12,50.0,50.0,0.0,100.0,28.4,28.4,,56.8,2,,2/4/2000,ÖVP,relig1,center,28.4,FPÖ,right1,right,28.4,,,,,,,,,,,,,,,,,,,,,,,,
2001,,Schüssel I (ÖVP),,0,,6,6,,12,50.0,50.0,0.0,100.0,28.4,28.4,,56.8,2,,,ÖVP,relig1,center,28.4,FPÖ,right1,right,28.4,,,,,,,,,,,,,,,,,,,,,,,,
2001,,Schüssel I (ÖVP),,365,,6,6,,12,50.0,50.0,0.0,100.0,28.4,28.4,,56.8,2,,,ÖVP,relig1,center,28.4,FPÖ,right1,right,28.4,,,,,,,,,,,,,,,,,,,,,,,,
2002,,Schüssel I (ÖVP),,0,,6,6,,12,50.0,50.0,0.0,100.0,28.4,28.4,,56.8,2,,,ÖVP,relig1,center,28.4,FPÖ,right1,right,28.4,,,,,,,,,,,,,,,,,,,,,,,,
2002,,Schüssel I (ÖVP),,365,,6,6,,12,50.0,50.0,0.0,100.0,28.4,28.4,,56.8,2,11/24/2002,,ÖVP,relig1,center,28.4,FPÖ,right1,right,28.4,,,,,,,,,,,,,,,,,,,,,,,,
2003,,Schüssel I (ÖVP),,58,,6,6,,12,50.0,50.0,0.0,100.0,28.4,28.4,,56.8,2,,,ÖVP,relig1,center,28.4,FPÖ,right1,right,28.4,,,,,,,,,,,,,,,,,,,,,,,,
2003,2/28/2003,Schüssel II (ÖVP),,307,1,3,8,,12,25.0,66.7,0.0,91.7,9.8,43.2,,53.0,2,,2/28/2003,ÖVP,relig1,center,43.2,FPÖ,right1,right,9.8,,,,,,,,,,,,,,,,,,,,,,,,
2004,,Schüssel II (ÖVP),,0,,3,8,,12,25.0,66.7,0.0,91.7,9.8,43.2,,53.0,2,,,ÖVP,relig1,center,43.2,FPÖ,right1,right,9.8,,,,,,,,,,,,,,,,,,,,,,,,
2004,,Schüssel II (ÖVP),,366,,3,8,,12,25.0,66.7,0.0,91.7,9.8,43.2,,53.0,2,,,ÖVP,relig1,center,43.2,FPÖ,right1,right,9.8,,,,,,,,,,,,,,,,,,,,,,,,
2005,,Schüssel II (ÖVP),,0,,3,8,,12,25.0,66.7,0.0,91.7,9.8,43.2,,53.0,2,,,ÖVP,relig1,center,43.2,FPÖ,right1,right,9.8,,,,,,,,,,,,,,,,,,,,,,,,
2005,,Schüssel II (ÖVP),,365,,3,8,,12,25.0,66.7,0.0,91.7,9.8,43.2,,53.0,2,,,ÖVP,relig1,center,43.2,FPÖ,right1,right,9.8,,,,,,,,,,,,,,,,,,,,,,,,
2006,,Schüssel II (ÖVP),,0,,3,8,,12,25.0,66.7,0.0,91.7,9.8,43.2,,53.0,2,,,ÖVP,relig1,center,43.2,FPÖ,right1,right,9.8,,,,,,,,,,,,,,,,,,,,,,,,
2006,,Schüssel II (ÖVP),,365,,3,8,,12,25.0,66.7,0.0,91.7,9.8,43.2,,53.0,2,10/1/2006,,ÖVP,relig1,center,43.2,FPÖ,right1,right,9.8,,,,,,,,,,,,,,,,,,,,,,,,
2007,,Schüssel II (ÖVP),,10,,3,8,,12,25.0,66.7,0.0,91.7,9.8,43.2,,53.0,2,,,ÖVP,relig1,center,43.2,FPÖ,right1,right,9.8,,,,,,,,,,,,,,,,,,,,,,,,
2007,1/11/2007,Gusenbauer I (SPÖ),,355,1,,7,7,14,0.0,50.0,50.0,100.0,,36.1,37.2,73.3,2,,1/11/2007,SPÖ,social1,left,37.2,ÖVP,relig1,center,36.1,,,,,,,,,,,,,,,,,,,,,,,,
2008,,Gusenbauer I (SPÖ),,336,,,7,7,14,0.0,50.0,50.0,100.0,,36.1,37.2,73.3,2,,,SPÖ,social1,left,37.2,ÖVP,relig1,center,36.1,,,,,,,,,,,,,,,,,,,,,,,,
2008,12/2/2008,Faymann I (SPÖ),,30,1,,7,7,14,0.0,50.0,50.0,100.0,,27.9,31.1,59.0,2,9/28/2008,12/2/2008,SPÖ,social1,left,31.1,ÖVP,relig1,center,27.9,,,,,,,,,,,,,,,,,,,,,,,,
2009,,Faymann I (SPÖ),,0,,,7,7,14,0.0,50.0,50.0,100.0,,27.9,31.1,59.0,2,,,SPÖ,social1,left,31.1,ÖVP,relig1,center,27.9,,,,,,,,,,,,,,,,,,,,,,,,
2009,,Faymann I (SPÖ),,365,,,7,7,14,0.0,50.0,50.0,100.0,,27.9,31.1,59.0,2,,,SPÖ,social1,left,31.1,ÖVP,relig1,center,27.9,,,,,,,,,,,,,,,,,,,,,,,,
2010,,Faymann I (SPÖ),,0,,,7,7,14,0.0,50.0,50.0,100.0,,27.9,31.1,59.0,2,,,SPÖ,social1,left,31.1,ÖVP,relig1,center,27.9,,,,,,,,,,,,,,,,,,,,,,,,
2010,,Faymann I (SPÖ),,365,,,7,7,14,0.0,50.0,50.0,100.0,,27.9,31.1,59.0,2,,,SPÖ,social1,left,31.1,ÖVP,relig1,center,27.9,,,,,,,,,,,,,,,,,,,,,,,,
2011,,Faymann I (SPÖ),,0,,,7,7,14,0.0,50.0,50.0,100.0,,27.9,31.1,59.0,2,,,SPÖ,social1,left,31.1,ÖVP,relig1,center,27.9,,,,,,,,,,,,,,,,,,,,,,,,
2011,,Faymann I (SPÖ),,365,,,7,7,14,0.0,50.0,50.0,100.0,,27.9,31.1,59.0,2,,,SPÖ,social1,left,31.1,ÖVP,relig1,center,27.9,,,,,,,,,,,,,,,,,,,,,,,,
2012,,Faymann I (SPÖ),,0,,,7,7,14,0.0,50.0,50.0,100.0,,27.9,31.1,59.0,2,,,SPÖ,social1,left,31.1,ÖVP,relig1,center,27.9,,,,,,,,,,,,,,,,,,,,,,,,
2012,,Faymann I (SPÖ),,366,,,7,7,14,0.0,50.0,50.0,100.0,,27.9,31.1,59.0,2,,,SPÖ,social1,left,31.1,ÖVP,relig1,center,27.9,,,,,,,,,,,,,,,,,,,,,,,,
2013,,Faymann I (SPÖ),,349,,,7,7,14,0.0,50.0,50.0,100.0,,27.9,31.1,59.0,2,,,SPÖ,social1,left,31.1,ÖVP,relig1,center,27.9,,,,,,,,,,,,,,,,,,,,,,,,
2013,12/16/2013,Faymann II (SPÖ),,16,1,,7,7,14,0.0,50.0,50.0,100.0,,25.7,28.4,54.1,2,9/29/2013,12/16/2013,SPÖ,social1,left,28.4,ÖVP,relig1,center,25.7,,,,,,,,,,,,,,,,,,,,,,,,
2014,,Faymann II (SPÖ),,0,,,7,7,14,0.0,50.0,50.0,100.0,,25.7,28.4,54.1,2,,,SPÖ,social1,left,28.4,ÖVP,relig1,center,25.7,,,,,,,,,,,,,,,,,,,,,,,,
2014,,Faymann II (SPÖ),,365,,,7,7,14,0.0,50.0,50.0,100.0,,25.7,28.4,54.1,2,,,SPÖ,social1,left,28.4,ÖVP,relig1,center,25.7,,,,,,,,,,,,,,,,,,,,,,,,
2015,,Faymann II (SPÖ),,0,,,7,7,14,0.0,50.0,50.0,100.0,,25.7,28.4,54.1,2,,,SPÖ,social1,left,28.4,ÖVP,relig1,center,25.7,,,,,,,,,,,,,,,,,,,,,,,,
2015,,Faymann II (SPÖ),,365,,,7,7,14,0.0,50.0,50.0,100.0,,25.7,28.4,54.1,2,,,SPÖ,social1,left,28.4,ÖVP,relig1,center,25.7,,,,,,,,,,,,,,,,,,,,,,,,
,,,,,,,,,,,,,,,,,,,,,,,,,,,,,,,,,,,,,,,,,,,,,,,,,,,,
,,,,,,,,,,,,,,,,,,,,,,,,,,,,,,,,,,,,,,,,,,,,,,,,,,,,
,Annualized Variables (used in Comparative Political Data Sets),,,,,,,,,,,,,,,,,,,,,,,,,,,,,,,,,,,,,,,,,,,,,,,,,,,
,,,,,,,,,,,,,,,,,,,,,,,,,,,,,,,,,,,,,,,,,,,,,,,,,,,,
,Government Composition 1,,,,,Government Composition 2,,,,,,,,,,,Government Support,,,,,,,,,,,,,,,,,,,,,,,,,,,,,,,,,,,
,(relative power position based on cabinet posts),,,,,(relative power position based on parliamentary seat share),,,,,,,,,,,(percentage of seats in parliament),,,,,(total government support),,,,,,,,,,,,,,,,,,,,,,,,,,,,,,
Year,gov_right1,gov_cent1,gov_left1,Total,,Year,gov_right2,,gov_cent2,,gov_left2,,Total,,,,Year,gov_right3,gov_cent3,gov_left3,,gov_sup,,,,,,,,,,,,,,,,,,,,,,,,,,,,,,
1959,0.00,54.47,45.53,100.00,,1959,0.00,,51.54,,48.46,,51.54,,,,1959,0.00,48.87,45.96,,94.82,,,,,,,,,,,,,,,,,,,,,,,,,,,,,,
1960,0.00,50.00,50.00,100.00,,1960,0.00,,50.32,,49.68,,100.00,,,,1960,0.00,47.90,47.30,,95.20,,,,,,,,,,,,,,,,,,,,,,,,,,,,,,
1961,0.00,50.00,50.00,100.00,,1961,0.00,,50.32,,49.68,,100.00,,,,1961,0.00,47.90,47.30,,95.20,,,,,,,,,,,,,,,,,,,,,,,,,,,,,,
1962,0.00,50.00,50.00,100.00,,1962,0.00,,50.32,,49.68,,100.00,,,,1962,0.00,47.90,47.30,,95.20,,,,,,,,,,,,,,,,,,,,,,,,,,,,,,
1963,0.00,50.00,50.00,100.00,,1963,0.00,,51.29,,48.71,,100.00,,,,1963,0.00,48.83,46.37,,95.20,,,,,,,,,,,,,,,,,,,,,,,,,,,,,,
1964,0.00,50.00,50.00,100.00,,1964,0.00,,51.58,,48.42,,100.00,,,,1964,0.00,49.10,46.10,,95.20,,,,,,,,,,,,,,,,,,,,,,,,,,,,,,
1965,0.00,50.00,50.00,100.00,,1965,0.00,,51.58,,48.42,,100.00,,,,1965,0.00,49.10,46.10,,95.20,,,,,,,,,,,,,,,,,,,,,,,,,,,,,,
1966,0.00,85.21,14.79,100.00,,1966,0.00,,85.67,,14.33,,100.00,,,,1966,0.00,50.79,13.64,,64.43,,,,,,,,,,,,,,,,,,,,,,,,,,,,,,
1967,0.00,100.00,0.00,100.00,,1967,0.00,,100.00,,0.00,,100.00,,,,1967,0.00,51.50,0.00,,51.50,,,,,,,,,,,,,,,,,,,,,,,,,,,,,,
1968,0.00,100.00,0.00,100.00,,1968,0.00,,100.00,,0.00,,100.00,,,,1968,0.00,51.50,0.00,,51.50,,,,,,,,,,,,,,,,,,,,,,,,,,,,,,
1969,0.00,100.00,0.00,100.00,,1969,0.00,,100.00,,0.00,,100.00,,,,1969,0.00,51.50,0.00,,51.50,,,,,,,,,,,,,,,,,,,,,,,,,,,,,,
1970,0.00,30.41,64.24,94.65,,1970,0.00,,30.41,,69.59,,100.00,,,,1970,0.00,15.66,34.17,,49.83,,,,,,,,,,,,,,,,,,,,,,,,,,,,,,
1971,0.00,0.00,91.03,91.03,,1971,0.00,,0.00,,100.00,,100.00,,,,1971,0.00,0.00,49.43,,49.43,,,,,,,,,,,,,,,,,,,,,,,,,,,,,,
1972,0.00,0.00,85.71,85.71,,1972,0.00,,0.00,,100.00,,100.00,,,,1972,0.00,0.00,50.80,,50.80,,,,,,,,,,,,,,,,,,,,,,,,,,,,,,
1973,0.00,0.00,85.71,85.71,,1973,0.00,,0.00,,100.00,,100.00,,,,1973,0.00,0.00,50.80,,50.80,,,,,,,,,,,,,,,,,,,,,,,,,,,,,,
1974,0.00,0.00,85.71,85.71,,1974,0.00,,0.00,,100.00,,100.00,,,,1974,0.00,0.00,50.80,,50.80,,,,,,,,,,,,,,,,,,,,,,,,,,,,,,
1975,0.00,0.00,85.71,85.71,,1975,0.00,,0.00,,100.00,,100.00,,,,1975,0.00,0.00,50.80,,50.80,,,,,,,,,,,,,,,,,,,,,,,,,,,,,,
1976,0.00,0.00,85.71,85.71,,1976,0.00,,0.00,,100.00,,100.00,,,,1976,0.00,0.00,50.80,,50.80,,,,,,,,,,,,,,,,,,,,,,,,,,,,,,
1977,0.00,0.00,85.71,85.71,,1977,0.00,,0.00,,100.00,,100.00,,,,1977,0.00,0.00,50.80,,50.80,,,,,,,,,,,,,,,,,,,,,,,,,,,,,,
1978,0.00,0.00,85.71,85.71,,1978,0.00,,0.00,,100.00,,100.00,,,,1978,0.00,0.00,50.80,,50.80,,,,,,,,,,,,,,,,,,,,,,,,,,,,,,
1979,0.00,0.00,94.95,94.95,,1979,0.00,,0.00,,100.00,,100.00,,,,1979,0.00,0.00,51.51,,51.51,,,,,,,,,,,,,,,,,,,,,,,,,,,,,,
1980,0.00,0.00,100.00,100.00,,1980,0.00,,0.00,,100.00,,100.00,,,,1980,0.00,0.00,51.90,,51.90,,,,,,,,,,,,,,,,,,,,,,,,,,,,,,
1981,0.00,0.00,100.00,100.00,,1981,0.00,,0.00,,100.00,,100.00,,,,1981,0.00,0.00,51.90,,51.90,,,,,,,,,,,,,,,,,,,,,,,,,,,,,,
1982,0.00,0.00,100.00,100.00,,1982,0.00,,0.00,,100.00,,100.00,,,,1982,0.00,0.00,51.90,,51.90,,,,,,,,,,,,,,,,,,,,,,,,,,,,,,
1983,12.16,0.00,87.84,100.00,,1983,7.19,,0.00,,92.81,,100.00,,,,1983,4.01,0.00,50.26,,54.27,,,,,,,,,,,,,,,,,,,,,,,,,,,,,,
1984,20.00,0.00,80.00,100.00,,1984,11.83,,0.00,,88.17,,100.00,,,,1984,6.60,0.00,49.20,,55.80,,,,,,,,,,,,,,,,,,,,,,,,,,,,,,
1985,20.00,0.00,80.00,100.00,,1985,11.83,,0.00,,88.17,,100.00,,,,1985,6.60,0.00,49.20,,55.80,,,,,,,,,,,,,,,,,,,,,,,,,,,,,,
1986,19.32,0.00,80.68,100.00,,1986,11.83,,0.00,,88.17,,100.00,,,,1986,6.60,0.00,49.20,,55.80,,,,,,,,,,,,,,,,,,,,,,,,,,,,,,
1987,1.03,44.11,48.56,93.70,,1987,0.65,,46.38,,52.97,,100.00,,,,1987,0.36,39.79,44.00,,84.16,,,,,,,,,,,,,,,,,,,,,,,,,,,,,,
1988,0.00,46.67,46.67,93.33,,1988,0.00,,49.07,,50.93,,100.00,,,,1988,0.00,42.10,43.70,,85.80,,,,,,,,,,,,,,,,,,,,,,,,,,,,,,
1989,0.00,46.79,46.79,93.59,,1989,0.00,,49.07,,50.93,,100.00,,,,1989,0.00,42.10,43.70,,85.80,,,,,,,,,,,,,,,,,,,,,,,,,,,,,,
1990,0.00,46.71,46.71,93.43,,1990,0.00,,48.81,,51.19,,100.00,,,,1990,0.00,41.72,43.70,,85.42,,,,,,,,,,,,,,,,,,,,,,,,,,,,,,
1991,0.00,47.06,47.06,94.12,,1991,0.00,,42.88,,57.12,,100.00,,,,1991,0.00,32.80,43.70,,76.50,,,,,,,,,,,,,,,,,,,,,,,,,,,,,,
1992,0.00,43.75,50.00,93.75,,1992,0.00,,42.88,,57.12,,100.00,,,,1992,0.00,32.80,43.70,,76.50,,,,,,,,,,,,,,,,,,,,,,,,,,,,,,
1993,0.00,43.75,50.00,93.75,,1993,0.00,,42.88,,57.12,,100.00,,,,1993,0.00,32.80,43.70,,76.50,,,,,,,,,,,,,,,,,,,,,,,,,,,,,,
1994,0.00,43.75,50.00,93.75,,1994,0.00,,43.02,,56.98,,100.00,,,,1994,0.00,32.40,42.96,,75.36,,,,,,,,,,,,,,,,,,,,,,,,,,,,,,
1995,0.00,43.75,50.00,93.75,,1995,0.00,,44.44,,55.56,,100.00,,,,1995,0.00,28.40,35.50,,63.90,,,,,,,,,,,,,,,,,,,,,,,,,,,,,,
1996,0.00,43.03,50.00,93.03,,1996,0.00,,42.69,,57.31,,100.00,,,,1996,0.00,28.40,38.16,,66.56,,,,,,,,,,,,,,,,,,,,,,,,,,,,,,
1997,0.00,45.91,46.44,92.35,,1997,0.00,,42.26,,57.74,,100.00,,,,1997,0.00,28.40,38.80,,67.20,,,,,,,,,,,,,,,,,,,,,,,,,,,,,,
1998,0.00,46.15,46.15,92.31,,1998,0.00,,42.26,,57.74,,100.00,,,,1998,0.00,28.40,38.80,,67.20,,,,,,,,,,,,,,,,,,,,,,,,,,,,,,
1999,0.00,46.15,46.15,92.31,,1999,0.00,,42.26,,57.74,,100.00,,,,1999,0.00,28.40,38.80,,67.20,,,,,,,,,,,,,,,,,,,,,,,,,,,,,,
2000,45.36,49.64,4.29,99.29,,2000,45.36,,49.28,,5.36,,100.00,,,,2000,25.76,28.40,3.60,,57.77,,,,,,,,,,,,,,,,,,,,,,,,,,,,,,
2001,50.00,50.00,0.00,100.00,,2001,50.00,,50.00,,0.00,,100.00,,,,2001,28.40,28.40,0.00,,56.80,,,,,,,,,,,,,,,,,,,,,,,,,,,,,,
2002,50.00,50.00,0.00,100.00,,2002,50.00,,50.00,,0.00,,100.00,,,,2002,28.40,28.40,0.00,,56.80,,,,,,,,,,,,,,,,,,,,,,,,,,,,,,
2003,28.97,64.02,0.00,92.99,,2003,23.50,,76.50,,0.00,,100.00,,,,2003,12.76,40.85,0.00,,53.60,,,,,,,,,,,,,,,,,,,,,,,,,,,,,,
2004,25.00,66.67,0.00,91.67,,2004,18.49,,81.51,,0.00,,100.00,,,,2004,9.80,43.20,0.00,,53.00,,,,,,,,,,,,,,,,,,,,,,,,,,,,,,
2005,25.00,66.67,0.00,91.67,,2005,18.49,,81.51,,0.00,,100.00,,,,2005,9.80,43.20,0.00,,53.00,,,,,,,,,,,,,,,,,,,,,,,,,,,,,,
2006,25.00,66.67,0.00,91.67,,2006,18.49,,81.51,,0.00,,100.00,,,,2006,9.80,43.20,0.00,,53.00,,,,,,,,,,,,,,,,,,,,,,,,,,,,,,
2007,0.68,50.46,48.63,99.77,,2007,0.51,,50.13,,49.36,,100.00,,,,2007,0.27,36.29,36.18,,72.74,,,,,,,,,,,,,,,,,,,,,,,,,,,,,,
2008,0.00,50.00,50.00,100.00,,2008,0.00,,49.09,,50.91,,100.00,,,,2008,0.00,35.43,36.70,,72.13,,,,,,,,,,,,,,,,,,,,,,,,,,,,,,
2009,0.00,50.00,50.00,100.00,,2009,0.00,,47.29,,52.71,,100.00,,,,2009,0.00,27.90,31.10,,59.00,,,,,,,,,,,,,,,,,,,,,,,,,,,,,,
2010,0.00,50.00,50.00,100.00,,2010,0.00,,47.29,,52.71,,100.00,,,,2010,0.00,27.90,31.10,,59.00,,,,,,,,,,,,,,,,,,,,,,,,,,,,,,
2011,0.00,50.00,50.00,100.00,,2011,0.00,,47.29,,52.71,,100.00,,,,2011,0.00,27.90,31.10,,59.00,,,,,,,,,,,,,,,,,,,,,,,,,,,,,,
2012,0.00,50.00,50.00,100.00,,2012,0.00,,47.29,,52.71,,100.00,,,,2012,0.00,27.90,31.10,,59.00,,,,,,,,,,,,,,,,,,,,,,,,,,,,,,
2013,0.00,50.00,50.00,100.00,,2013,0.00,,47.30,,52.70,,100.00,,,,2013,0.00,27.80,30.98,,58.79,,,,,,,,,,,,,,,,,,,,,,,,,,,,,,
2014,0.00,50.00,50.00,100.00,,2014,0.00,,47.50,,52.50,,100.00,,,,2014,0.00,25.70,28.40,,54.10,,,,,,,,,,,,,,,,,,,,,,,,,,,,,,
2015,0.00,50.00,50.00,100.00,,2015,0.00,,47.50,,52.50,,100.00,,,,2015,0.00,25.70,28.40,,54.10,,,,,,,,,,,,,,,,,,,,,,,,,,,,,,
,,,,,,,,,,,,,,,,,,,,,,,,,,,,,,,,,,,,,,,,,,,,,,,,,,,,
